{"id":"4e71b9fe5613f18a0174ff0271ae119e","cnpj":"04585532000199","validade":"2025-11-18T14:11:38.0050774-03:00","servidor":{"id":"1014-71C7-A96A-6C41-1CA2-B745-B930-1AAD_00000000000000","idServidor":"1014-71C7-A96A-6C41-1CA2-B745-B930-1AAD","grupo":"","nome":"DAX OIL REFINARIA - NOVO2","criacao":"2025-04-14T09:38:53.0151256-03:00","sistemas":[{"id":"5","sistema":"FISCAL","modulos":[{"id":"0","modulo":"TODOS","status":1,"listaCNPJ":["04585532000199"],"settings":{"idModulo":"0","idSistema":"5","qtdeUsers":"1","statusFin":"N","habilitado":"A","observacao":""}}]},{"id":"6","sistema":"CONTABIL","modulos":[{"id":"0","modulo":"TODOS","status":1,"listaCNPJ":["04585532000199"],"settings":{"idModulo":"0","idSistema":"6","qtdeUsers":"1","statusFin":"N","habilitado":"A","observacao":""}}]},{"id":"7","sistema":"FOLHA","modulos":[{"id":"0","modulo":"TODOS","status":1,"listaCNPJ":["04585532000199"],"settings":{"idModulo":"0","idSistema":"7","qtdeUsers":"1","statusFin":"N","habilitado":"A","observacao":""}}]}],"listaCNPJ":["04585532000199","04585532000350"]},"assinatura":"62750085d57573300167f9de246aab5d"}